East of England,0.564847282
East Midlands,0.588188231
London,0.400670312
North East,0.580371568
North West,0.536539692
Scotland,0.380039955
South East,0.51776797
South West,0.52626949
Wales,0.525270158
West Midlands,0.592564554
Yorkshire and the Humber,0.577145444
Northern Ireland,0.442248234