East of England,0.435152718
East Midlands,0.411811769
London,0.599329688
North East,0.419628432
North West,0.463460308
Scotland,0.619960045
South East,0.48223203
South West,0.47373051
Wales,0.474729842
West Midlands,0.407435446
Yorkshire and the Humber,0.422854556
Northern Ireland,0.557751766